ISO_Code,Economic Freedom Summary Index
ALB,"7,80"
DZA,"4,97"
AGO,"4,75"
ARG,"5,78"
ARM,"7,92"
AUS,"8,23"
AUT,"7,80"
AZE,"6,37"
BHS,"7,62"
BHR,"7,16"
BGD,"6,04"
BRB,"6,22"
BLR,"6,35"
BEL,"7,56"
BLZ,"6,60"
BEN,"6,20"
BTN,"6,63"
BOL,"6,30"
BIH,"6,90"
BWA,"7,60"
BRA,"6,56"
BRN,"6,60"
BGR,"7,74"
BFA,"5,85"
BDI,"5,94"
CPV,"7,41"
KHM,"7,28"
CMR,"5,85"
CAN,"8,17"
CAF,"5,27"
TCD,"5,71"
CHL,"7,96"
CHN,"6,21"
COL,"6,71"
COD,"5,15"
COG,"5,03"
CRI,"7,62"
CIV,"6,09"
HRV,"7,36"
CYP,"7,84"
CZE,"7,81"
DNK,"8,10"
DOM,"7,58"
ECU,"6,46"
EGY,"5,38"
SLV,"7,41"
EST,"7,96"
SWZ,"6,27"
ETH,"5,61"
FJI,"6,50"
FIN,"7,76"
FRA,"7,40"
GAB,"5,86"
GMB,"7,14"
GEO,"8,18"
DEU,"7,85"
GHA,"6,65"
GRC,"6,71"
GTM,"7,70"
GIN,"5,57"
GNB,"5,46"
GUY,"6,68"
HTI,"6,58"
HND,"7,28"
HKG,"8,94"
HUN,"7,44"
ISL,"7,71"
IND,"6,56"
IDN,"7,39"
IRN,"4,80"
IRQ,"5,61"
IRL,"8,13"
ISR,"7,62"
ITA,"7,51"
JAM,"7,69"
JPN,"7,88"
JOR,"7,62"
KAZ,"7,12"
KEN,"6,84"
KOR,"7,69"
KWT,"6,60"
KGZ,"6,99"
LAO,"6,62"
LVA,"7,89"
LBN,"6,88"
LSO,"6,65"
LBR,"6,28"
LBY,"4,72"
LTU,"8,10"
LUX,"7,75"
MDG,"6,20"
MWI,"5,79"
MYS,"7,58"
MLI,"5,93"
MLT,"7,94"
MRT,"6,22"
MUS,"8,21"
MEX,"7,21"
MDA,"6,99"
MNG,"7,43"
MNE,"6,94"
MAR,"6,70"
MOZ,"5,94"
MMR,"5,81"
NAM,"6,52"
NPL,"6,48"
NLD,"7,82"
NZL,"8,53"
NIC,"7,05"
NER,"5,85"
NGA,"6,93"
MKD,"7,15"
NOR,"7,60"
OMN,"6,79"
PAK,"6,07"
PAN,"7,80"
PNG,"6,39"
PRY,"7,23"
PER,"7,76"
PHL,"7,43"
POL,"7,04"
PRT,"7,60"
QAT,"6,88"
ROU,"7,83"
RUS,"6,74"
RWA,"7,39"
SAU,"6,31"
SEN,"6,27"
SRB,"7,05"
SYC,"7,49"
SLE,"5,87"
SGP,"8,65"
SVK,"7,63"
SVN,"7,33"
ZAF,"6,73"
ESP,"7,73"
LKA,"6,88"
SDN,"4,21"
SUR,"6,37"
SWE,"7,58"
CHE,"8,43"
SYR,"5,45"
TWN,"7,94"
TJK,"6,05"
TZA,"6,73"
THA,"6,75"
TLS,"6,29"
TGO,"6,25"
TTO,"7,26"
TUN,"6,07"
TUR,"6,62"
UGA,"7,55"
UKR,"6,06"
ARE,"7,05"
GBR,"8,08"
USA,"8,22"
URY,"7,25"
VEN,"3,34"
VNM,"6,20"
YEM,"5,51"
ZMB,"7,19"
ZWE,"5,12"
ALB,"7,70"
DZA,"4,98"
AGO,"4,86"
ARG,"5,98"
ARM,"7,85"
AUS,"8,18"
AUT,"7,75"
AZE,"6,23"
BHS,"7,31"
BHR,"7,18"
BGD,"6,07"
BRB,"6,33"
BLR,"6,38"
BEL,"7,53"
BLZ,"6,58"
BEN,"6,25"
BTN,"6,64"
BOL,"6,27"
BIH,"6,89"
BWA,"7,55"
BRA,"6,54"
BRN,"6,69"
BGR,"7,76"
BFA,"5,98"
BDI,"6,02"
CPV,"7,34"
KHM,"7,24"
CMR,"5,83"
CAN,"8,26"
CAF,"5,15"
TCD,"5,54"
CHL,"7,92"
CHN,"6,26"
COL,"6,68"
COD,"4,99"
COG,"5,07"
CRI,"7,65"
CIV,"5,96"
HRV,"7,41"
CYP,"7,82"
CZE,"7,77"
DNK,"8,05"
DOM,"7,46"
ECU,"6,37"
EGY,"4,91"
SLV,"7,44"
EST,"7,93"
SWZ,"6,31"
ETH,"5,65"
FJI,"6,54"
FIN,"7,73"
FRA,"7,44"
GAB,"5,85"
GMB,"7,15"
GEO,"8,14"
DEU,"7,87"
GHA,"6,67"
GRC,"6,83"
GTM,"7,72"
GIN,"5,46"
GNB,"5,32"
GUY,"6,64"
HTI,"6,62"
HND,"7,24"
HKG,"8,90"
HUN,"7,53"
ISL,"7,76"
IND,"6,68"
IDN,"7,27"
IRN,"5,49"
IRQ,"5,57"
IRL,"8,14"
ISR,"7,62"
ITA,"7,60"
JAM,"7,54"
JPN,"7,86"
JOR,"7,54"
KAZ,"7,09"
KEN,"6,86"
KOR,"7,72"
KWT,"6,56"
KGZ,"7,05"
LAO,"6,52"
LVA,"7,97"
LBN,"6,95"
LSO,"6,67"
LBR,"6,51"
LBY,"4,60"
LTU,"8,05"
LUX,"7,73"
MDG,"6,14"
MWI,"6,06"
MYS,"7,56"
MLI,"5,85"
MLT,"7,98"
MRT,"6,21"
MUS,"7,99"
MEX,"7,16"
MDA,"6,85"
MNG,"7,50"
MNE,"6,86"
MAR,"6,61"
MOZ,"5,64"
MMR,"5,74"
NAM,"6,40"
NPL,"6,59"
NLD,"7,72"
NZL,"8,48"
NIC,"7,12"
NER,"5,94"
NGA,"6,83"
MKD,"7,15"
NOR,"7,72"
OMN,"6,79"
PAK,"5,88"
PAN,"7,78"
PNG,"6,37"
PRY,"7,17"
PER,"7,73"
PHL,"7,39"
POL,"7,31"
PRT,"7,58"
QAT,"6,96"
ROU,"7,86"
RUS,"6,75"
RWA,"7,19"
SAU,"6,27"
SEN,"6,11"
SRB,"7,01"
SYC,"7,37"
SLE,"5,61"
SGP,"8,70"
SVK,"7,60"
SVN,"7,30"
ZAF,"6,68"
ESP,"7,66"
LKA,"6,64"
SDN,"4,49"
SUR,"6,32"
SWE,"7,67"
CHE,"8,42"
SYR,"5,05"
TWN,"7,84"
TJK,"5,86"
TZA,"6,78"
THA,"6,75"
TLS,"6,36"
TGO,"6,19"
TTO,"7,18"
TUN,"6,11"
TUR,"6,73"
UGA,"7,56"
UKR,"5,86"
ARE,"7,10"
GBR,"8,16"
USA,"8,34"
URY,"7,23"
VEN,"2,72"
VNM,"6,16"
YEM,"6,11"
ZMB,"7,20"
ZWE,"5,16"
ALB,"7,69"
DZA,"5,26"
AGO,"5,39"
ARG,"5,55"
ARM,"7,73"
AUS,"8,16"
AUT,"7,76"
AZE,"6,34"
BHS,"7,39"
BHR,"7,13"
BGD,"6,13"
BRB,"6,30"
BLR,"5,90"
BEL,"7,54"
BLZ,"6,78"
BEN,"6,06"
BTN,"6,81"
BOL,"6,27"
BIH,"6,88"
BWA,"7,50"
BRA,"6,45"
BRN,"6,98"
BGR,"7,60"
BFA,"6,07"
BDI,"6,21"
CPV,"7,21"
KHM,"7,22"
CMR,"5,78"
CAN,"8,24"
CAF,"5,22"
TCD,"5,44"
CHL,"7,92"
CHN,"6,25"
COL,"6,68"
COD,"5,76"
COG,"4,87"
CRI,"7,69"
CIV,"5,95"
HRV,"7,20"
CYP,"7,83"
CZE,"7,87"
DNK,"8,01"
DOM,"7,48"
ECU,"6,29"
EGY,"5,12"
SLV,"7,38"
EST,"8,03"
SWZ,"6,21"
ETH,"5,49"
FJI,"6,44"
FIN,"7,71"
FRA,"7,46"
GAB,"5,75"
GMB,"7,24"
GEO,"8,12"
DEU,"7,96"
GHA,"6,60"
GRC,"6,69"
GTM,"7,79"
GIN,"5,78"
GNB,"5,00"
GUY,"6,57"
HTI,"6,73"
HND,"7,25"
HKG,"8,86"
HUN,"7,59"
ISL,"7,75"
IND,"6,46"
IDN,"7,28"
IRN,"5,51"
IRQ,"5,63"
IRL,"8,20"
ISR,"7,56"
ITA,"7,66"
JAM,"7,60"
JPN,"7,84"
JOR,"7,49"
KAZ,"7,02"
KEN,"6,96"
KOR,"7,68"
KWT,"6,64"
KGZ,"7,06"
LAO,"6,43"
LVA,"8,02"
LBN,"7,07"
LSO,"6,59"
LBR,"6,67"
LBY,"5,02"
LTU,"8,09"
LUX,"7,71"
MDG,"6,25"
MWI,"5,98"
MYS,"7,52"
MLI,"5,85"
MLT,"8,00"
MRT,"6,17"
MUS,"7,98"
MEX,"6,98"
MDA,"6,82"
MNG,"7,10"
MNE,"6,86"
MAR,"6,50"
MOZ,"5,55"
MMR,"5,70"
NAM,"6,43"
NPL,"6,48"
NLD,"7,82"
NZL,"8,53"
NIC,"7,17"
NER,"5,90"
NGA,"6,87"
MKD,"7,21"
NOR,"7,75"
OMN,"6,71"
PAK,"5,90"
PAN,"7,84"
PNG,"6,22"
PRY,"7,11"
PER,"7,72"
PHL,"7,40"
POL,"7,33"
PRT,"7,57"
QAT,"7,09"
ROU,"7,89"
RUS,"6,70"
RWA,"7,23"
SAU,"6,29"
SEN,"6,09"
SRB,"6,97"
SYC,"7,44"
SLE,"5,68"
SGP,"8,65"
SVK,"7,62"
SVN,"7,31"
ZAF,"6,67"
ESP,"7,79"
LKA,"6,70"
SDN,"4,95"
SUR,"5,75"
SWE,"7,73"
CHE,"8,46"
SYR,"4,88"
TWN,"7,83"
TJK,"6,02"
TZA,"6,74"
THA,"6,73"
TLS,"6,47"
TGO,"5,87"
TTO,"7,23"
TUN,"6,20"
TUR,"6,91"
UGA,"7,40"
UKR,"5,84"
ARE,"7,27"
GBR,"8,15"
USA,"8,32"
URY,"7,26"
VEN,"2,76"
VNM,"6,16"
YEM,"6,40"
ZMB,"6,94"
ZWE,"5,72"
ALB,"7,70"
DZA,"4,94"
AGO,"5,64"
ARG,"5,17"
ARM,"7,80"
AUS,"8,10"
AUT,"7,81"
AZE,"6,24"
BHS,"7,44"
BHR,"7,23"
BGD,"6,18"
BRB,"6,36"
BLR,
BEL,"7,63"
BLZ,"6,74"
BEN,"5,75"
BTN,"6,88"
BOL,"6,10"
BIH,"6,91"
BWA,"7,47"
BRA,"6,20"
BRN,"6,83"
BGR,"7,52"
BFA,"5,95"
BDI,"6,09"
CPV,"7,18"
KHM,"7,19"
CMR,"5,71"
CAN,"8,19"
CAF,"4,78"
TCD,"5,33"
CHL,"7,92"
CHN,"6,22"
COL,"6,62"
COD,"5,60"
COG,"4,83"
CRI,"7,70"
CIV,"5,89"
HRV,"7,25"
CYP,"7,82"
CZE,"7,86"
DNK,"7,96"
DOM,"7,51"
ECU,"6,42"
EGY,"5,24"
SLV,"7,35"
EST,"8,09"
SWZ,"6,19"
ETH,"5,29"
FJI,"6,47"
FIN,"7,75"
FRA,"7,54"
GAB,"5,66"
GMB,"7,17"
GEO,"8,14"
DEU,"7,97"
GHA,"6,45"
GRC,"6,63"
GTM,"7,83"
GIN,"5,23"
GNB,"5,18"
GUY,"6,79"
HTI,"6,78"
HND,"7,37"
HKG,"8,84"
HUN,"7,39"
ISL,"7,30"
IND,"6,47"
IDN,"7,12"
IRN,"5,40"
IRQ,
IRL,"8,32"
ISR,"7,52"
ITA,"7,71"
JAM,"7,67"
JPN,"7,85"
JOR,"7,54"
KAZ,"7,13"
KEN,"7,12"
KOR,"7,63"
KWT,"6,43"
KGZ,"6,88"
LAO,"6,39"
LVA,"8,12"
LBN,"7,06"
LSO,"6,71"
LBR,"6,70"
LBY,"5,10"
LTU,"8,07"
LUX,"7,73"
MDG,"6,40"
MWI,"5,79"
MYS,"7,44"
MLI,"5,84"
MLT,"7,95"
MRT,"5,84"
MUS,"7,99"
MEX,"7,07"
MDA,"6,79"
MNG,"7,28"
MNE,"6,99"
MAR,"6,48"
MOZ,"5,49"
MMR,"5,54"
NAM,"6,63"
NPL,"6,49"
NLD,"7,85"
NZL,"8,50"
NIC,"7,17"
NER,"5,71"
NGA,"6,63"
MKD,"7,24"
NOR,"7,31"
OMN,"6,58"
PAK,"5,84"
PAN,"7,86"
PNG,"6,26"
PRY,"7,04"
PER,"7,76"
PHL,"7,49"
POL,"7,45"
PRT,"7,64"
QAT,"7,03"
ROU,"7,86"
RUS,"6,54"
RWA,"7,29"
SAU,"5,93"
SEN,"5,98"
SRB,"6,91"
SYC,"7,43"
SLE,"5,67"
SGP,"8,64"
SVK,"7,53"
SVN,"7,33"
ZAF,"6,77"
ESP,"7,77"
LKA,"6,72"
SDN,
SUR,"6,61"
SWE,"7,87"
CHE,"8,43"
SYR,"4,83"
TWN,"7,70"
TJK,"6,03"
TZA,"6,87"
THA,"6,72"
TLS,"6,36"
TGO,"5,85"
TTO,"6,91"
TUN,"6,29"
TUR,"6,94"
UGA,"7,41"
UKR,"5,36"
ARE,"7,14"
GBR,"8,16"
USA,"8,27"
URY,"7,26"
VEN,"2,84"
VNM,"6,04"
YEM,"6,29"
ZMB,"7,04"
ZWE,"6,24"
ALB,"7,65"
DZA,"5,08"
AGO,"5,02"
ARG,"4,69"
ARM,"7,87"
AUS,"8,11"
AUT,"7,84"
AZE,"6,21"
BHS,"7,39"
BHR,"7,22"
BGD,"6,20"
BRB,"6,46"
BLR,
BEL,"7,80"
BLZ,"6,71"
BEN,"6,11"
BTN,"6,68"
BOL,"6,24"
BIH,"6,96"
BWA,"7,43"
BRA,"6,40"
BRN,"6,94"
BGR,"7,58"
BFA,"5,94"
BDI,"6,05"
CPV,"7,06"
KHM,"7,20"
CMR,"5,84"
CAN,"8,33"
CAF,"4,89"
TCD,"5,25"
CHL,"7,94"
CHN,"6,20"
COL,"6,63"
COD,"5,43"
COG,"4,87"
CRI,"7,59"
CIV,"5,88"
HRV,"7,17"
CYP,"7,41"
CZE,"7,84"
DNK,"8,02"
DOM,"7,52"
ECU,"5,98"
EGY,"5,50"
SLV,"7,51"
EST,"7,97"
SWZ,"6,46"
ETH,"5,29"
FJI,"6,60"
FIN,"7,82"
FRA,"7,57"
GAB,"5,54"
GMB,"7,18"
GEO,"8,27"
DEU,"7,93"
GHA,"6,31"
GRC,"7,09"
GTM,"7,80"
GIN,"5,11"
GNB,"5,20"
GUY,"6,49"
HTI,"6,87"
HND,"7,29"
HKG,"8,85"
HUN,"7,50"
ISL,"7,25"
IND,"6,17"
IDN,"7,08"
IRN,"5,14"
IRQ,
IRL,"8,20"
ISR,"7,50"
ITA,"7,68"
JAM,"7,51"
JPN,"7,78"
JOR,"7,49"
KAZ,"7,05"
KEN,"7,20"
KOR,"7,58"
KWT,"6,60"
KGZ,"7,05"
LAO,"6,44"
LVA,"8,11"
LBN,"7,08"
LSO,"6,57"
LBR,"7,06"
LBY,"5,11"
LTU,"8,12"
LUX,"7,83"
MDG,"6,43"
MWI,"5,95"
MYS,"7,36"
MLI,"5,77"
MLT,"7,94"
MRT,"5,85"
MUS,"7,82"
MEX,"7,00"
MDA,"6,86"
MNG,"7,22"
MNE,"7,34"
MAR,"6,40"
MOZ,"5,60"
MMR,"5,71"
NAM,"6,63"
NPL,"6,66"
NLD,"7,82"
NZL,"8,46"
NIC,"7,29"
NER,"5,68"
NGA,"6,65"
MKD,"7,14"
NOR,"7,73"
OMN,"6,95"
PAK,"5,77"
PAN,"7,72"
PNG,"6,37"
PRY,"7,02"
PER,"7,73"
PHL,"7,43"
POL,"7,47"
PRT,"7,67"
QAT,"7,28"
ROU,"7,87"
RUS,"6,52"
RWA,"7,25"
SAU,"6,19"
SEN,"5,99"
SRB,"6,80"
SYC,"7,48"
SLE,"5,93"
SGP,"8,64"
SVK,"7,69"
SVN,"7,31"
ZAF,"6,81"
ESP,"7,69"
LKA,"6,62"
SDN,
SUR,"6,57"
SWE,"7,85"
CHE,"8,40"
SYR,"4,87"
TWN,"7,62"
TJK,"6,14"
TZA,"6,75"
THA,"6,50"
TLS,"6,40"
TGO,"5,83"
TTO,"7,19"
TUN,"6,41"
TUR,"6,95"
UGA,"7,41"
UKR,"5,96"
ARE,"7,29"
GBR,"8,07"
USA,"8,16"
URY,"7,23"
VEN,"3,09"
VNM,"6,03"
YEM,"6,66"
ZMB,"7,25"
ZWE,"5,80"
ALB,"7,55"
DZA,"5,16"
AGO,"5,11"
ARG,"5,14"
ARM,"7,85"
AUS,"8,02"
AUT,"7,79"
AZE,"6,07"
BHS,"7,40"
BHR,"7,18"
BGD,"6,31"
BRB,"6,70"
BLR,
BEL,"7,58"
BLZ,"6,82"
BEN,"6,18"
BTN,"6,66"
BOL,"6,39"
BIH,"6,89"
BWA,"7,39"
BRA,"6,50"
BRN,"6,81"
BGR,"7,59"
BFA,"5,91"
BDI,"6,03"
CPV,"6,77"
KHM,"7,23"
CMR,"5,86"
CAN,"8,23"
CAF,"5,66"
TCD,"5,25"
CHL,"7,96"
CHN,"6,19"
COL,"6,78"
COD,"5,58"
COG,"4,84"
CRI,"7,63"
CIV,"5,88"
HRV,"7,09"
CYP,"7,14"
CZE,"7,71"
DNK,"7,98"
DOM,"7,48"
ECU,"6,13"
EGY,"5,74"
SLV,"7,35"
EST,"7,87"
SWZ,"6,48"
ETH,"5,33"
FJI,"6,51"
FIN,"7,76"
FRA,"7,45"
GAB,"5,32"
GMB,"7,21"
GEO,"8,19"
DEU,"7,91"
GHA,"6,69"
GRC,"7,01"
GTM,"7,81"
GIN,"5,15"
GNB,"5,40"
GUY,"6,32"
HTI,"6,63"
HND,"7,26"
HKG,"8,81"
HUN,"7,46"
ISL,"7,06"
IND,"6,34"
IDN,"7,09"
IRN,"5,42"
IRQ,
IRL,"8,14"
ISR,"7,46"
ITA,"7,62"
JAM,"7,63"
JPN,"7,81"
JOR,"7,61"
KAZ,"7,01"
KEN,"7,15"
KOR,"7,53"
KWT,"6,69"
KGZ,"6,78"
LAO,
LVA,"7,97"
LBN,"7,12"
LSO,"6,54"
LBR,
LBY,"5,09"
LTU,"7,94"
LUX,"7,67"
MDG,"6,64"
MWI,"5,98"
MYS,"7,24"
MLI,"5,93"
MLT,"7,87"
MRT,"5,80"
MUS,"7,88"
MEX,"6,91"
MDA,"6,75"
MNG,"7,17"
MNE,"7,49"
MAR,"6,48"
MOZ,"5,68"
MMR,"5,59"
NAM,"6,63"
NPL,"6,60"
NLD,"7,71"
NZL,"8,44"
NIC,"7,34"
NER,"5,62"
NGA,"6,65"
MKD,"7,11"
NOR,"7,73"
OMN,"6,86"
PAK,"5,95"
PAN,"7,61"
PNG,"6,78"
PRY,"7,08"
PER,"7,71"
PHL,"7,50"
POL,"7,27"
PRT,"7,69"
QAT,"7,14"
ROU,"7,78"
RUS,"6,55"
RWA,"7,24"
SAU,"6,23"
SEN,"5,97"
SRB,"6,77"
SYC,"7,29"
SLE,"6,00"
SGP,"8,46"
SVK,"7,64"
SVN,"7,09"
ZAF,"6,92"
ESP,"7,61"
LKA,"6,73"
SDN,
SUR,"6,63"
SWE,"7,75"
CHE,"8,33"
SYR,"4,60"
TWN,"7,62"
TJK,"6,07"
TZA,"6,81"
THA,"6,53"
TLS,"6,45"
TGO,"5,90"
TTO,"7,21"
TUN,"6,34"
TUR,"6,92"
UGA,"7,42"
UKR,"6,13"
ARE,"7,40"
GBR,"8,01"
USA,"8,07"
URY,"7,34"
VEN,"3,16"
VNM,"6,02"
YEM,"6,47"
ZMB,"7,21"
ZWE,"5,46"
ALB,"7,46"
DZA,"4,95"
AGO,"5,45"
ARG,"5,33"
ARM,"7,78"
AUS,"8,09"
AUT,"7,78"
AZE,"6,13"
BHS,"7,34"
BHR,"7,14"
BGD,"6,16"
BRB,"6,32"
BLR,
BEL,"7,55"
BLZ,"6,80"
BEN,"5,89"
BTN,
BOL,"6,38"
BIH,"6,94"
BWA,"7,33"
BRA,"6,63"
BRN,"6,98"
BGR,"7,65"
BFA,"5,72"
BDI,"5,43"
CPV,"6,72"
KHM,"7,01"
CMR,"5,98"
CAN,"8,18"
CAF,"5,27"
TCD,"5,04"
CHL,"7,86"
CHN,"6,15"
COL,"6,85"
COD,"5,65"
COG,"4,62"
CRI,"7,70"
CIV,"5,61"
HRV,"7,20"
CYP,"7,54"
CZE,"7,78"
DNK,"7,89"
DOM,"7,23"
ECU,"6,22"
EGY,"6,07"
SLV,"7,34"
EST,"7,88"
SWZ,"6,33"
ETH,"5,25"
FJI,"6,74"
FIN,"7,91"
FRA,"7,47"
GAB,"5,28"
GMB,"6,87"
GEO,"8,13"
DEU,"7,84"
GHA,"6,69"
GRC,"7,06"
GTM,"7,62"
GIN,
GNB,"5,84"
GUY,"6,48"
HTI,"6,15"
HND,"7,22"
HKG,"8,84"
HUN,"7,52"
ISL,"7,00"
IND,"6,51"
IDN,"6,88"
IRN,"5,26"
IRQ,
IRL,"8,10"
ISR,"7,36"
ITA,"7,61"
JAM,"7,44"
JPN,"7,77"
JOR,"7,47"
KAZ,"7,00"
KEN,"7,18"
KOR,"7,58"
KWT,"6,72"
KGZ,"6,72"
LAO,
LVA,"7,88"
LBN,"7,07"
LSO,"6,27"
LBR,
LBY,
LTU,"7,69"
LUX,"7,52"
MDG,"6,37"
MWI,"6,09"
MYS,"6,63"
MLI,"6,06"
MLT,"7,80"
MRT,"5,97"
MUS,"7,97"
MEX,"6,82"
MDA,"6,82"
MNG,"7,04"
MNE,"7,34"
MAR,"6,46"
MOZ,"5,75"
MMR,"5,33"
NAM,"6,66"
NPL,"6,44"
NLD,"7,73"
NZL,"8,43"
NIC,"7,31"
NER,"5,54"
NGA,"6,42"
MKD,"7,07"
NOR,"7,72"
OMN,"6,87"
PAK,"6,02"
PAN,"7,50"
PNG,"7,01"
PRY,"7,10"
PER,"7,74"
PHL,"7,25"
POL,"7,36"
PRT,"7,57"
QAT,"7,11"
ROU,"7,63"
RUS,"6,60"
RWA,"7,26"
SAU,"6,13"
SEN,"5,70"
SRB,"6,74"
SYC,
SLE,"6,24"
SGP,"8,44"
SVK,"7,63"
SVN,"7,17"
ZAF,"6,87"
ESP,"7,62"
LKA,"6,59"
SDN,
SUR,"6,54"
SWE,"7,77"
CHE,"8,34"
SYR,"4,95"
TWN,"7,53"
TJK,"6,39"
TZA,"6,60"
THA,"6,51"
TLS,"6,41"
TGO,"5,38"
TTO,"6,98"
TUN,"6,28"
TUR,"7,03"
UGA,"7,31"
UKR,"6,20"
ARE,"7,49"
GBR,"8,10"
USA,"8,15"
URY,"7,44"
VEN,"3,67"
VNM,"5,92"
YEM,"6,49"
ZMB,"7,39"
ZWE,"5,08"
ALB,"7,51"
DZA,"5,12"
AGO,"5,25"
ARG,"5,85"
ARM,"7,72"
AUS,"8,10"
AUT,"7,80"
AZE,"5,97"
BHS,"7,34"
BHR,"7,29"
BGD,"6,16"
BRB,"6,64"
BLR,
BEL,"7,58"
BLZ,"6,80"
BEN,"6,06"
BTN,
BOL,"6,31"
BIH,"7,00"
BWA,"7,24"
BRA,"6,68"
BRN,"6,83"
BGR,"7,60"
BFA,"5,86"
BDI,"5,44"
CPV,"6,62"
KHM,"6,75"
CMR,"5,98"
CAN,"8,08"
CAF,"5,37"
TCD,"5,25"
CHL,"7,95"
CHN,"6,07"
COL,"6,77"
COD,"5,60"
COG,"4,67"
CRI,"7,74"
CIV,"5,63"
HRV,"7,20"
CYP,"7,74"
CZE,"7,69"
DNK,"7,93"
DOM,"7,46"
ECU,"6,11"
EGY,"6,12"
SLV,"7,41"
EST,"7,95"
SWZ,"6,44"
ETH,"5,18"
FJI,"6,87"
FIN,"7,98"
FRA,"7,50"
GAB,"5,29"
GMB,"7,00"
GEO,"7,99"
DEU,"7,87"
GHA,"6,82"
GRC,"7,12"
GTM,"7,53"
GIN,
GNB,"5,34"
GUY,"6,49"
HTI,"6,47"
HND,"7,31"
HKG,"8,88"
HUN,"7,62"
ISL,"6,90"
IND,"6,52"
IDN,"6,95"
IRN,"5,40"
IRQ,
IRL,"8,04"
ISR,"7,32"
ITA,"7,61"
JAM,"7,25"
JPN,"7,71"
JOR,"7,48"
KAZ,"6,76"
KEN,"7,05"
KOR,"7,60"
KWT,"6,64"
KGZ,"6,76"
LAO,
LVA,"7,76"
LBN,"7,23"
LSO,"6,35"
LBR,
LBY,
LTU,"7,65"
LUX,"7,55"
MDG,"6,21"
MWI,"6,43"
MYS,"6,61"
MLI,"5,93"
MLT,"7,86"
MRT,"6,04"
MUS,"7,92"
MEX,"6,75"
MDA,"6,79"
MNG,"7,17"
MNE,"7,24"
MAR,"6,55"
MOZ,"5,51"
MMR,"4,18"
NAM,"6,58"
NPL,"6,44"
NLD,"7,75"
NZL,"8,28"
NIC,"7,26"
NER,"5,72"
NGA,"6,49"
MKD,"7,10"
NOR,"7,67"
OMN,"6,76"
PAK,"6,11"
PAN,"7,42"
PNG,"7,00"
PRY,"7,20"
PER,"7,83"
PHL,"7,22"
POL,"7,27"
PRT,"7,50"
QAT,"6,94"
ROU,"7,51"
RUS,"6,51"
RWA,"7,10"
SAU,"6,28"
SEN,"5,72"
SRB,"6,78"
SYC,
SLE,"6,08"
SGP,"8,54"
SVK,"7,70"
SVN,"7,16"
ZAF,"6,91"
ESP,"7,76"
LKA,"6,56"
SDN,
SUR,"6,38"
SWE,"7,79"
CHE,"8,33"
SYR,"5,91"
TWN,"7,50"
TJK,"6,18"
TZA,"6,67"
THA,"6,53"
TLS,"6,49"
TGO,"5,48"
TTO,"7,03"
TUN,"6,50"
TUR,"7,08"
UGA,"7,23"
UKR,"6,12"
ARE,"7,49"
GBR,"8,04"
USA,"8,07"
URY,"7,45"
VEN,"3,76"
VNM,"5,90"
YEM,"6,36"
ZMB,"7,42"
ZWE,"4,80"
ALB,"7,40"
DZA,"5,13"
AGO,"5,39"
ARG,"5,82"
ARM,"7,69"
AUS,"8,10"
AUT,"7,77"
AZE,"5,82"
BHS,"7,42"
BHR,"7,18"
BGD,"6,20"
BRB,"6,22"
BLR,
BEL,"7,63"
BLZ,"6,46"
BEN,"6,11"
BTN,
BOL,"6,37"
BIH,"6,74"
BWA,"7,03"
BRA,"6,66"
BRN,"6,99"
BGR,"7,68"
BFA,"5,90"
BDI,"5,31"
CPV,"6,44"
KHM,"6,96"
CMR,"6,03"
CAN,"8,18"
CAF,"5,31"
TCD,"5,63"
CHL,"7,94"
CHN,"6,04"
COL,"6,72"
COD,"5,55"
COG,"4,72"
CRI,"7,40"
CIV,"5,67"
HRV,"6,96"
CYP,"7,81"
CZE,"7,64"
DNK,"7,93"
DOM,"7,42"
ECU,"6,20"
EGY,"6,18"
SLV,"7,47"
EST,"8,02"
SWZ,"6,33"
ETH,"5,33"
FJI,"6,77"
FIN,"7,92"
FRA,"7,59"
GAB,"5,55"
GMB,"7,02"
GEO,"7,76"
DEU,"7,78"
GHA,"6,91"
GRC,"7,12"
GTM,"7,49"
GIN,
GNB,"5,16"
GUY,"6,52"
HTI,"6,45"
HND,"7,32"
HKG,"8,91"
HUN,"7,60"
ISL,"6,50"
IND,"6,37"
IDN,"6,97"
IRN,"5,54"
IRQ,
IRL,"7,89"
ISR,"7,31"
ITA,"7,57"
JAM,"7,21"
JPN,"7,79"
JOR,"7,46"
KAZ,"6,79"
KEN,"7,02"
KOR,"7,60"
KWT,"6,68"
KGZ,"6,80"
LAO,
LVA,"7,74"
LBN,"7,13"
LSO,"6,17"
LBR,
LBY,
LTU,"7,58"
LUX,"7,53"
MDG,"6,29"
MWI,"6,17"
MYS,"6,57"
MLI,"6,04"
MLT,"7,75"
MRT,"5,88"
MUS,"7,92"
MEX,"6,80"
MDA,"6,71"
MNG,"7,09"
MNE,"7,34"
MAR,"6,46"
MOZ,"5,44"
MMR,"3,93"
NAM,"6,69"
NPL,"6,52"
NLD,"7,70"
NZL,"8,24"
NIC,"7,18"
NER,"5,80"
NGA,"6,17"
MKD,"7,06"
NOR,"7,62"
OMN,"6,80"
PAK,"6,04"
PAN,"7,52"
PNG,"6,96"
PRY,"7,11"
PER,"7,81"
PHL,"7,16"
POL,"7,17"
PRT,"7,28"
QAT,"7,13"
ROU,"7,49"
RUS,"6,48"
RWA,"7,10"
SAU,"6,46"
SEN,"5,74"
SRB,"6,70"
SYC,
SLE,"6,37"
SGP,"8,55"
SVK,"7,69"
SVN,"7,10"
ZAF,"6,86"
ESP,"7,65"
LKA,"6,46"
SDN,
SUR,"6,58"
SWE,"7,81"
CHE,"8,40"
SYR,"5,67"
TWN,"7,57"
TJK,"6,08"
TZA,"6,67"
THA,"6,55"
TLS,"5,72"
TGO,"5,52"
TTO,"7,04"
TUN,"6,23"
TUR,"6,96"
UGA,"7,43"
UKR,"5,90"
ARE,"7,43"
GBR,"8,05"
USA,"8,12"
URY,"7,42"
VEN,"3,79"
VNM,"5,96"
YEM,"6,33"
ZMB,"7,40"
ZWE,"4,34"
ALB,"7,27"
DZA,"5,17"
AGO,"5,32"
ARG,"6,02"
ARM,"7,68"
AUS,"8,14"
AUT,"7,76"
AZE,"5,93"
BHS,"7,47"
BHR,"7,14"
BGD,"6,22"
BRB,"6,21"
BLR,
BEL,"7,52"
BLZ,"7,03"
BEN,"6,27"
BTN,
BOL,"6,39"
BIH,"6,74"
BWA,"6,80"
BRA,"6,49"
BRN,
BGR,"7,63"
BFA,"6,02"
BDI,"5,53"
CPV,
KHM,
CMR,"5,83"
CAN,"8,18"
CAF,"5,42"
TCD,"5,45"
CHL,"7,90"
CHN,"6,07"
COL,"6,68"
COD,"5,51"
COG,"4,80"
CRI,"7,44"
CIV,"5,85"
HRV,"6,88"
CYP,"7,76"
CZE,"7,58"
DNK,"7,85"
DOM,"7,19"
ECU,"6,16"
EGY,"6,09"
SLV,"7,53"
EST,"7,86"
SWZ,
ETH,"5,51"
FJI,"6,89"
FIN,"7,80"
FRA,"7,55"
GAB,"5,91"
GMB,
GEO,"7,59"
DEU,"7,76"
GHA,"7,07"
GRC,"7,03"
GTM,"7,43"
GIN,
GNB,"5,28"
GUY,"6,53"
HTI,"7,03"
HND,"7,27"
HKG,"8,90"
HUN,"7,54"
ISL,"6,65"
IND,"6,36"
IDN,"6,68"
IRN,"5,60"
IRQ,
IRL,"7,80"
ISR,"7,09"
ITA,"7,41"
JAM,"7,20"
JPN,"7,72"
JOR,"7,23"
KAZ,"6,87"
KEN,"7,01"
KOR,"7,47"
KWT,"6,87"
KGZ,"6,91"
LAO,
LVA,"7,78"
LBN,
LSO,"6,24"
LBR,
LBY,
LTU,"7,48"
LUX,"7,59"
MDG,"6,24"
MWI,"6,20"
MYS,"6,37"
MLI,"6,07"
MLT,"7,69"
MRT,"6,12"
MUS,"7,89"
MEX,"6,66"
MDA,"6,54"
MNG,"7,11"
MNE,"7,20"
MAR,"6,39"
MOZ,"5,59"
MMR,"3,94"
NAM,"6,75"
NPL,"6,22"
NLD,"7,66"
NZL,"8,24"
NIC,"7,10"
NER,"5,79"
NGA,"6,03"
MKD,"7,06"
NOR,"7,59"
OMN,"6,86"
PAK,"6,04"
PAN,"7,48"
PNG,"6,90"
PRY,"7,04"
PER,"7,70"
PHL,"6,88"
POL,"7,16"
PRT,"7,23"
QAT,
ROU,"7,50"
RUS,"6,32"
RWA,"6,82"
SAU,
SEN,"5,99"
SRB,"6,72"
SYC,
SLE,"6,47"
SGP,"8,60"
SVK,"7,66"
SVN,"7,22"
ZAF,"6,73"
ESP,"7,53"
LKA,"6,19"
SDN,
SUR,
SWE,"7,64"
CHE,"8,36"
SYR,"5,63"
TWN,"7,46"
TJK,
TZA,"6,52"
THA,"6,59"
TLS,
TGO,"5,74"
TTO,"7,03"
TUN,"6,37"
TUR,"6,88"
UGA,"7,43"
UKR,"5,86"
ARE,"7,25"
GBR,"8,02"
USA,"8,03"
URY,"7,23"
VEN,"4,22"
VNM,"5,97"
YEM,
ZMB,"7,29"
ZWE,"4,21"
ALB,"7,27"
DZA,"5,21"
AGO,"4,58"
ARG,"6,22"
ARM,"7,69"
AUS,"8,15"
AUT,"7,79"
AZE,"5,98"
BHS,"7,59"
BHR,"7,35"
BGD,"6,05"
BRB,"6,03"
BLR,
BEL,"7,56"
BLZ,"7,28"
BEN,"6,14"
BTN,
BOL,"6,19"
BIH,"6,77"
BWA,"6,95"
BRA,"6,50"
BRN,
BGR,"7,51"
BFA,"6,06"
BDI,"5,17"
CPV,
KHM,
CMR,"5,58"
CAN,"8,21"
CAF,"5,44"
TCD,"5,50"
CHL,"7,89"
CHN,"6,04"
COL,"6,67"
COD,"5,23"
COG,"4,82"
CRI,"7,44"
CIV,"5,68"
HRV,"6,84"
CYP,"7,82"
CZE,"7,62"
DNK,"7,95"
DOM,"6,68"
ECU,"6,29"
EGY,"6,34"
SLV,"7,76"
EST,"7,90"
SWZ,
ETH,"5,11"
FJI,"6,93"
FIN,"7,82"
FRA,"7,63"
GAB,"5,89"
GMB,
GEO,"7,78"
DEU,"7,72"
GHA,"7,02"
GRC,"7,17"
GTM,"7,51"
GIN,
GNB,"5,03"
GUY,"6,53"
HTI,"6,97"
HND,"7,39"
HKG,"8,97"
HUN,"7,45"
ISL,"7,05"
IND,"6,40"
IDN,"6,52"
IRN,"5,71"
IRQ,
IRL,"7,98"
ISR,"7,16"
ITA,"7,47"
JAM,"7,14"
JPN,"7,85"
JOR,"7,17"
KAZ,"6,87"
KEN,"6,90"
KOR,"7,50"
KWT,"6,92"
KGZ,"6,81"
LAO,
LVA,"7,88"
LBN,
LSO,"6,23"
LBR,
LBY,
LTU,"7,49"
LUX,"7,69"
MDG,"6,18"
MWI,"6,12"
MYS,"6,47"
MLI,"5,98"
MLT,"7,62"
MRT,"6,10"
MUS,"7,92"
MEX,"6,72"
MDA,"6,65"
MNG,"6,87"
MNE,"7,19"
MAR,"6,25"
MOZ,"5,80"
MMR,"3,61"
NAM,"6,75"
NPL,"6,34"
NLD,"7,79"
NZL,"8,32"
NIC,"7,15"
NER,"5,47"
NGA,"6,14"
MKD,"7,03"
NOR,"7,64"
OMN,"6,94"
PAK,"5,82"
PAN,"7,42"
PNG,"6,82"
PRY,"7,01"
PER,"7,70"
PHL,"6,92"
POL,"7,09"
PRT,"7,40"
QAT,
ROU,"7,40"
RUS,"6,40"
RWA,"6,75"
SAU,
SEN,"5,87"
SRB,"6,70"
SYC,
SLE,"6,41"
SGP,"8,64"
SVK,"7,76"
SVN,"7,25"
ZAF,"6,74"
ESP,"7,70"
LKA,"6,09"
SDN,
SUR,
SWE,"7,62"
CHE,"8,35"
SYR,"5,43"
TWN,"7,43"
TJK,
TZA,"6,18"
THA,"6,75"
TLS,
TGO,"5,88"
TTO,"7,18"
TUN,"6,38"
TUR,"6,99"
UGA,"7,33"
UKR,"5,90"
ARE,"7,44"
GBR,"8,13"
USA,"8,34"
URY,"7,18"
VEN,"4,32"
VNM,"5,84"
YEM,
ZMB,"7,21"
ZWE,"4,39"
ALB,"7,31"
DZA,"5,33"
AGO,"4,67"
ARG,"6,31"
ARM,"7,70"
AUS,"8,21"
AUT,"7,87"
AZE,"5,85"
BHS,"7,56"
BHR,"7,41"
BGD,"6,01"
BRB,"6,04"
BLR,
BEL,"7,60"
BLZ,"7,21"
BEN,"6,25"
BTN,
BOL,"6,24"
BIH,"6,76"
BWA,"7,20"
BRA,"6,36"
BRN,
BGR,"7,46"
BFA,"6,11"
BDI,"5,64"
CPV,
KHM,
CMR,"5,66"
CAN,"8,23"
CAF,"5,47"
TCD,"5,55"
CHL,"7,97"
CHN,"6,04"
COL,"6,58"
COD,"5,21"
COG,"4,71"
CRI,"7,59"
CIV,"5,71"
HRV,"6,72"
CYP,"7,84"
CZE,"7,61"
DNK,"8,01"
DOM,"6,76"
ECU,"6,15"
EGY,"6,42"
SLV,"7,78"
EST,"8,02"
SWZ,
ETH,"5,47"
FJI,"6,85"
FIN,"7,89"
FRA,"7,67"
GAB,"5,84"
GMB,
GEO,"7,79"
DEU,"7,76"
GHA,"7,07"
GRC,"7,43"
GTM,"7,58"
GIN,
GNB,"4,99"
GUY,"6,40"
HTI,"6,89"
HND,"7,39"
HKG,"8,93"
HUN,"7,42"
ISL,"7,85"
IND,"6,43"
IDN,"6,54"
IRN,"5,87"
IRQ,
IRL,"8,17"
ISR,"7,23"
ITA,"7,53"
JAM,"7,36"
JPN,"7,97"
JOR,"7,29"
KAZ,"6,92"
KEN,"7,28"
KOR,"7,66"
KWT,"7,19"
KGZ,"6,89"
LAO,
LVA,"7,94"
LBN,
LSO,"6,36"
LBR,
LBY,
LTU,"7,67"
LUX,"7,68"
MDG,"6,06"
MWI,"5,78"
MYS,"6,64"
MLI,"6,14"
MLT,"7,67"
MRT,"5,99"
MUS,"7,82"
MEX,"6,82"
MDA,"6,56"
MNG,"7,09"
MNE,"7,11"
MAR,"6,21"
MOZ,"5,73"
MMR,"3,31"
NAM,"6,80"
NPL,"6,51"
NLD,"7,85"
NZL,"8,35"
NIC,"7,46"
NER,"5,31"
NGA,"6,38"
MKD,"7,01"
NOR,"7,72"
OMN,"7,05"
PAK,"5,96"
PAN,"7,61"
PNG,"6,74"
PRY,"6,90"
PER,"7,62"
PHL,"7,03"
POL,"7,03"
PRT,"7,47"
QAT,
ROU,"7,53"
RUS,"6,35"
RWA,"6,46"
SAU,
SEN,"5,82"
SRB,"6,85"
SYC,
SLE,"6,45"
SGP,"8,67"
SVK,"7,75"
SVN,"7,22"
ZAF,"6,88"
ESP,"7,75"
LKA,"6,26"
SDN,
SUR,
SWE,"7,64"
CHE,"8,51"
SYR,"5,71"
TWN,"7,44"
TJK,
TZA,"6,23"
THA,"6,70"
TLS,
TGO,"5,93"
TTO,"7,32"
TUN,"6,40"
TUR,"6,53"
UGA,"7,28"
UKR,"5,92"
ARE,"7,47"
GBR,"8,25"
USA,"8,53"
URY,"7,14"
VEN,"4,42"
VNM,"5,94"
YEM,
ZMB,"7,20"
ZWE,"3,18"
ALB,"7,28"
DZA,"5,44"
AGO,"4,62"
ARG,"6,13"
ARM,"7,71"
AUS,"8,17"
AUT,"7,87"
AZE,"6,06"
BHS,"7,51"
BHR,"7,20"
BGD,"6,03"
BRB,"6,07"
BLR,
BEL,"7,57"
BLZ,"7,20"
BEN,"6,11"
BTN,
BOL,"6,43"
BIH,"6,59"
BWA,"7,11"
BRA,"6,39"
BRN,
BGR,"7,40"
BFA,"5,83"
BDI,"5,69"
CPV,
KHM,
CMR,"5,73"
CAN,"8,27"
CAF,"5,19"
TCD,"5,64"
CHL,"7,87"
CHN,"5,93"
COL,"6,52"
COD,"5,17"
COG,"4,95"
CRI,"7,76"
CIV,"5,76"
HRV,"6,70"
CYP,"7,47"
CZE,"7,44"
DNK,"8,00"
DOM,"6,62"
ECU,"6,22"
EGY,"6,25"
SLV,"7,67"
EST,"8,05"
SWZ,
ETH,"5,41"
FJI,"6,95"
FIN,"7,85"
FRA,"7,51"
GAB,"5,82"
GMB,
GEO,"7,93"
DEU,"7,80"
GHA,"7,04"
GRC,"7,42"
GTM,"7,58"
GIN,
GNB,"5,15"
GUY,"6,35"
HTI,"6,83"
HND,"7,38"
HKG,"8,92"
HUN,"7,38"
ISL,"7,98"
IND,"6,39"
IDN,"6,47"
IRN,"6,07"
IRQ,
IRL,"8,15"
ISR,"7,18"
ITA,"7,56"
JAM,"7,52"
JPN,"7,95"
JOR,"7,16"
KAZ,"6,72"
KEN,"7,16"
KOR,"7,63"
KWT,"7,05"
KGZ,"6,81"
LAO,
LVA,"7,90"
LBN,
LSO,"6,31"
LBR,
LBY,
LTU,"7,67"
LUX,"7,63"
MDG,"5,94"
MWI,"5,47"
MYS,"6,54"
MLI,"5,83"
MLT,"7,38"
MRT,"5,98"
MUS,"7,48"
MEX,"6,89"
MDA,"6,55"
MNG,"7,26"
MNE,"7,09"
MAR,"6,16"
MOZ,"5,58"
MMR,"3,62"
NAM,"6,55"
NPL,"6,62"
NLD,"7,78"
NZL,"8,25"
NIC,"7,46"
NER,"5,37"
NGA,"6,47"
MKD,"6,90"
NOR,"7,60"
OMN,"6,91"
PAK,"5,98"
PAN,"7,64"
PNG,"6,54"
PRY,"6,91"
PER,"7,65"
PHL,"7,05"
POL,"7,04"
PRT,"7,47"
QAT,
ROU,"7,14"
RUS,"6,11"
RWA,"6,26"
SAU,
SEN,"5,80"
SRB,"6,57"
SYC,
SLE,"6,11"
SGP,"8,67"
SVK,"7,64"
SVN,"7,11"
ZAF,"6,89"
ESP,"7,77"
LKA,"6,40"
SDN,
SUR,
SWE,"7,65"
CHE,"8,48"
SYR,"5,32"
TWN,"7,48"
TJK,
TZA,"6,29"
THA,"6,68"
TLS,
TGO,"6,06"
TTO,"7,28"
TUN,"6,41"
TUR,"6,40"
UGA,"7,19"
UKR,"5,95"
ARE,"7,38"
GBR,"8,31"
USA,"8,49"
URY,"7,11"
VEN,"4,78"
VNM,"5,96"
YEM,
ZMB,"7,18"
ZWE,"2,95"
ALB,"7,13"
DZA,"5,30"
AGO,"4,25"
ARG,"6,08"
ARM,"7,58"
AUS,"8,10"
AUT,"7,87"
AZE,"6,11"
BHS,"7,03"
BHR,"6,87"
BGD,"5,94"
BRB,"6,27"
BLR,
BEL,"7,61"
BLZ,"7,27"
BEN,"5,99"
BTN,
BOL,"6,52"
BIH,"6,49"
BWA,"7,14"
BRA,"6,38"
BRN,
BGR,"7,17"
BFA,"5,82"
BDI,"5,60"
CPV,
KHM,
CMR,"5,69"
CAN,"8,26"
CAF,"5,10"
TCD,"5,54"
CHL,"7,85"
CHN,"5,86"
COL,"6,48"
COD,"4,66"
COG,"4,99"
CRI,"7,58"
CIV,"5,96"
HRV,"6,58"
CYP,"7,50"
CZE,"7,39"
DNK,"7,93"
DOM,"6,63"
ECU,"6,17"
EGY,"6,15"
SLV,"7,67"
EST,"8,04"
SWZ,
ETH,"5,30"
FJI,"7,10"
FIN,"7,92"
FRA,"7,50"
GAB,"5,77"
GMB,
GEO,"7,85"
DEU,"7,83"
GHA,"6,39"
GRC,"7,39"
GTM,"7,46"
GIN,
GNB,"5,09"
GUY,"6,50"
HTI,"6,87"
HND,"7,20"
HKG,"8,87"
HUN,"7,45"
ISL,"8,00"
IND,"6,48"
IDN,"6,43"
IRN,"5,98"
IRQ,
IRL,"8,26"
ISR,"7,24"
ITA,"7,68"
JAM,"7,52"
JPN,"7,99"
JOR,"7,25"
KAZ,"6,71"
KEN,"7,18"
KOR,"7,49"
KWT,"6,90"
KGZ,"6,73"
LAO,
LVA,"7,77"
LBN,
LSO,"6,00"
LBR,
LBY,
LTU,"7,69"
LUX,"7,64"
MDG,"5,67"
MWI,"5,34"
MYS,"6,54"
MLI,"5,72"
MLT,"7,47"
MRT,"6,13"
MUS,"7,52"
MEX,"6,90"
MDA,"6,58"
MNG,"7,19"
MNE,"6,47"
MAR,"6,15"
MOZ,"5,44"
MMR,"3,60"
NAM,"6,59"
NPL,"6,46"
NLD,"7,85"
NZL,"8,35"
NIC,"7,43"
NER,"5,12"
NGA,"6,19"
MKD,"6,73"
NOR,"7,70"
OMN,"6,95"
PAK,"5,92"
PAN,"7,67"
PNG,"6,48"
PRY,"6,96"
PER,"7,69"
PHL,"7,01"
POL,"6,99"
PRT,"7,38"
QAT,
ROU,"7,28"
RUS,"6,05"
RWA,"6,14"
SAU,
SEN,"5,88"
SRB,"6,02"
SYC,
SLE,"5,67"
SGP,"8,65"
SVK,"7,67"
SVN,"7,04"
ZAF,"6,95"
ESP,"7,82"
LKA,"6,32"
SDN,
SUR,
SWE,"7,69"
CHE,"8,43"
SYR,"5,48"
TWN,"7,45"
TJK,
TZA,"6,18"
THA,"6,58"
TLS,
TGO,"5,79"
TTO,"7,16"
TUN,"6,42"
TUR,"6,37"
UGA,"6,99"
UKR,"5,80"
ARE,"7,18"
GBR,"8,35"
USA,"8,49"
URY,"7,19"
VEN,"4,83"
VNM,"5,86"
YEM,
ZMB,"6,92"
ZWE,"2,84"
ALB,"7,24"
DZA,"5,04"
AGO,
ARG,"6,30"
ARM,"7,76"
AUS,"8,04"
AUT,"7,99"
AZE,"6,27"
BHS,"6,90"
BHR,"7,01"
BGD,"5,77"
BRB,"6,25"
BLR,
BEL,"7,74"
BLZ,"6,87"
BEN,"6,00"
BTN,
BOL,"6,63"
BIH,
BWA,"7,27"
BRA,"6,27"
BRN,
BGR,"7,01"
BFA,
BDI,"5,14"
CPV,
KHM,
CMR,"5,69"
CAN,"8,35"
CAF,"5,20"
TCD,"5,62"
CHL,"7,85"
CHN,"5,70"
COL,"6,38"
COD,"4,69"
COG,"4,92"
CRI,"7,42"
CIV,"5,81"
HRV,"6,36"
CYP,"7,66"
CZE,"7,37"
DNK,"8,10"
DOM,"5,90"
ECU,"5,95"
EGY,"6,05"
SLV,"7,72"
EST,"8,14"
SWZ,
ETH,
FJI,"6,99"
FIN,"7,99"
FRA,"7,58"
GAB,"5,74"
GMB,
GEO,"7,61"
DEU,"7,90"
GHA,"6,29"
GRC,"7,40"
GTM,"7,44"
GIN,
GNB,"5,18"
GUY,"6,15"
HTI,"6,85"
HND,"7,08"
HKG,"8,71"
HUN,"7,52"
ISL,"8,09"
IND,"6,33"
IDN,"6,23"
IRN,"6,01"
IRQ,
IRL,"8,18"
ISR,"7,24"
ITA,"7,67"
JAM,"7,50"
JPN,"8,01"
JOR,"7,17"
KAZ,
KEN,"6,80"
KOR,"7,45"
KWT,"6,95"
KGZ,
LAO,
LVA,"7,82"
LBN,
LSO,
LBR,
LBY,
LTU,"7,68"
LUX,"7,94"
MDG,"5,84"
MWI,"5,13"
MYS,"6,26"
MLI,"5,53"
MLT,"7,21"
MRT,
MUS,"7,24"
MEX,"6,86"
MDA,
MNG,"7,11"
MNE,
MAR,"5,96"
MOZ,"5,74"
MMR,"3,44"
NAM,"6,40"
NPL,"6,43"
NLD,"7,89"
NZL,"8,41"
NIC,"7,28"
NER,"5,13"
NGA,"5,65"
MKD,"6,55"
NOR,"7,66"
OMN,"7,01"
PAK,"5,68"
PAN,"7,78"
PNG,"5,94"
PRY,"6,93"
PER,"7,72"
PHL,"7,00"
POL,"6,91"
PRT,"7,63"
QAT,
ROU,"6,70"
RUS,"6,11"
RWA,"6,05"
SAU,
SEN,"5,69"
SRB,
SYC,
SLE,"5,33"
SGP,"8,60"
SVK,"7,64"
SVN,"7,09"
ZAF,"6,81"
ESP,"8,00"
LKA,"6,37"
SDN,
SUR,
SWE,"7,75"
CHE,"8,61"
SYR,"5,22"
TWN,"7,61"
TJK,
TZA,"6,21"
THA,"6,74"
TLS,
TGO,"5,85"
TTO,"7,32"
TUN,"6,34"
TUR,"6,19"
UGA,"6,92"
UKR,"5,75"
ARE,"7,32"
GBR,"8,37"
USA,"8,61"
URY,"7,23"
VEN,"4,91"
VNM,"5,83"
YEM,
ZMB,"7,01"
ZWE,"2,80"
ALB,"7,47"
DZA,"4,93"
AGO,
ARG,"6,24"
ARM,
AUS,"8,09"
AUT,"8,04"
AZE,
BHS,"6,84"
BHR,"7,09"
BGD,"5,87"
BRB,"6,14"
BLR,
BEL,"7,77"
BLZ,"6,03"
BEN,"6,18"
BTN,
BOL,"6,67"
BIH,
BWA,"7,16"
BRA,"6,11"
BRN,
BGR,"7,03"
BFA,
BDI,"5,25"
CPV,
KHM,
CMR,"5,63"
CAN,"8,31"
CAF,"5,42"
TCD,"5,77"
CHL,"7,85"
CHN,"5,82"
COL,"6,23"
COD,"4,94"
COG,"5,06"
CRI,"7,57"
CIV,"5,77"
HRV,"6,34"
CYP,"6,95"
CZE,"7,22"
DNK,"8,06"
DOM,"6,36"
ECU,"6,24"
EGY,"5,86"
SLV,"7,63"
EST,"8,06"
SWZ,
ETH,
FJI,"6,81"
FIN,"7,97"
FRA,"7,55"
GAB,"5,52"
GMB,
GEO,"7,60"
DEU,"7,94"
GHA,"6,39"
GRC,"7,38"
GTM,"7,30"
GIN,
GNB,"5,24"
GUY,"6,32"
HTI,"6,79"
HND,"7,07"
HKG,"8,66"
HUN,"7,38"
ISL,"8,04"
IND,"6,38"
IDN,"6,24"
IRN,"6,00"
IRQ,
IRL,"8,14"
ISR,"7,21"
ITA,"7,62"
JAM,"7,45"
JPN,"8,03"
JOR,"7,10"
KAZ,
KEN,"6,67"
KOR,"7,36"
KWT,"7,17"
KGZ,
LAO,
LVA,"7,77"
LBN,
LSO,
LBR,
LBY,
LTU,"7,67"
LUX,"7,95"
MDG,"6,07"
MWI,"5,29"
MYS,"6,23"
MLI,"5,69"
MLT,"6,41"
MRT,
MUS,"7,18"
MEX,"6,71"
MDA,
MNG,
MNE,
MAR,"5,96"
MOZ,"5,51"
MMR,"3,23"
NAM,"6,43"
NPL,"6,47"
NLD,"7,88"
NZL,"8,41"
NIC,"7,36"
NER,"5,51"
NGA,"5,52"
MKD,"6,54"
NOR,"7,75"
OMN,"7,24"
PAK,"5,69"
PAN,"7,73"
PNG,"5,82"
PRY,"6,93"
PER,"7,70"
PHL,"7,19"
POL,"6,66"
PRT,"7,60"
QAT,
ROU,"6,54"
RUS,"5,77"
RWA,"6,47"
SAU,
SEN,"5,69"
SRB,
SYC,
SLE,"5,27"
SGP,"8,57"
SVK,"7,05"
SVN,"7,07"
ZAF,"6,82"
ESP,"7,97"
LKA,"6,50"
SDN,
SUR,
SWE,"7,75"
CHE,"8,66"
SYR,"4,98"
TWN,"7,59"
TJK,
TZA,"6,28"
THA,"6,71"
TLS,
TGO,"5,89"
TTO,"7,23"
TUN,"6,22"
TUR,"6,08"
UGA,"6,95"
UKR,"5,59"
ARE,"7,31"
GBR,"8,46"
USA,"8,59"
URY,"7,09"
VEN,"4,37"
VNM,"5,49"
YEM,
ZMB,"7,06"
ZWE,"3,66"
ALB,"6,94"
DZA,"4,79"
AGO,
ARG,"6,30"
ARM,
AUS,"8,07"
AUT,"7,94"
AZE,
BHS,"6,83"
BHR,"7,00"
BGD,"5,88"
BRB,"6,24"
BLR,
BEL,"7,76"
BLZ,"5,95"
BEN,"6,15"
BTN,
BOL,"6,76"
BIH,
BWA,"7,20"
BRA,"6,31"
BRN,
BGR,"6,77"
BFA,
BDI,"5,59"
CPV,
KHM,
CMR,"5,57"
CAN,"8,28"
CAF,"5,23"
TCD,"5,89"
CHL,"7,71"
CHN,"5,76"
COL,"6,16"
COD,"4,50"
COG,"4,85"
CRI,"7,46"
CIV,"5,68"
HRV,"6,25"
CYP,"6,97"
CZE,"7,30"
DNK,"7,99"
DOM,"6,79"
ECU,"6,23"
EGY,"6,01"
SLV,"7,55"
EST,"7,92"
SWZ,
ETH,
FJI,"6,83"
FIN,"7,98"
FRA,"7,56"
GAB,"5,57"
GMB,
GEO,
DEU,"7,88"
GHA,"6,14"
GRC,"7,37"
GTM,"7,25"
GIN,
GNB,"5,19"
GUY,"6,39"
HTI,"6,75"
HND,"7,08"
HKG,"8,67"
HUN,"7,26"
ISL,"7,88"
IND,"6,28"
IDN,"6,00"
IRN,"5,94"
IRQ,
IRL,"8,06"
ISR,"7,14"
ITA,"7,71"
JAM,"7,37"
JPN,"7,85"
JOR,"7,13"
KAZ,
KEN,"6,69"
KOR,"7,36"
KWT,"7,09"
KGZ,
LAO,
LVA,"7,82"
LBN,
LSO,
LBR,
LBY,
LTU,"7,68"
LUX,"7,95"
MDG,"5,96"
MWI,"5,42"
MYS,"6,18"
MLI,"5,43"
MLT,"6,73"
MRT,
MUS,"7,24"
MEX,"6,71"
MDA,
MNG,
MNE,
MAR,"5,86"
MOZ,
MMR,"3,26"
NAM,"6,39"
NPL,"6,43"
NLD,"7,86"
NZL,"8,32"
NIC,"7,34"
NER,"5,14"
NGA,"5,45"
MKD,
NOR,"7,66"
OMN,"7,12"
PAK,"5,74"
PAN,"7,71"
PNG,"5,90"
PRY,"6,97"
PER,"7,73"
PHL,"7,13"
POL,"6,67"
PRT,"7,62"
QAT,
ROU,"6,41"
RUS,"5,71"
RWA,"6,50"
SAU,
SEN,"5,74"
SRB,
SYC,
SLE,"5,23"
SGP,"8,59"
SVK,"6,95"
SVN,"6,93"
ZAF,"6,80"
ESP,"7,85"
LKA,"6,41"
SDN,
SUR,
SWE,"7,75"
CHE,"8,76"
SYR,"5,02"
TWN,"7,59"
TJK,
TZA,"6,20"
THA,"6,61"
TLS,
TGO,"5,90"
TTO,"7,30"
TUN,"6,22"
TUR,"5,79"
UGA,"7,01"
UKR,"5,66"
ARE,"7,38"
GBR,"8,47"
USA,"8,59"
URY,"7,30"
VEN,"4,79"
VNM,
YEM,
ZMB,"6,84"
ZWE,"3,66"
ALB,"6,75"
DZA,"4,92"
AGO,
ARG,"6,80"
ARM,
AUS,"8,04"
AUT,"7,90"
AZE,
BHS,"6,84"
BHR,"7,06"
BGD,"5,84"
BRB,"6,18"
BLR,
BEL,"7,57"
BLZ,"5,63"
BEN,"5,88"
BTN,
BOL,"6,84"
BIH,
BWA,"7,23"
BRA,"5,95"
BRN,
BGR,"6,33"
BFA,
BDI,"5,65"
CPV,
KHM,
CMR,"5,52"
CAN,"8,20"
CAF,"5,35"
TCD,"5,78"
CHL,"7,66"
CHN,"5,59"
COL,"6,04"
COD,"3,72"
COG,"4,99"
CRI,"7,50"
CIV,"5,91"
HRV,"6,25"
CYP,"6,55"
CZE,"7,20"
DNK,"7,92"
DOM,"6,85"
ECU,"5,67"
EGY,"6,33"
SLV,"7,67"
EST,"7,89"
SWZ,
ETH,
FJI,"6,73"
FIN,"7,97"
FRA,"7,48"
GAB,"5,60"
GMB,
GEO,
DEU,"7,83"
GHA,"5,90"
GRC,"7,21"
GTM,"7,12"
GIN,
GNB,"5,12"
GUY,"6,34"
HTI,"6,86"
HND,"6,87"
HKG,"8,78"
HUN,"7,49"
ISL,"7,87"
IND,"6,21"
IDN,"5,78"
IRN,"6,09"
IRQ,
IRL,"8,01"
ISR,"6,84"
ITA,"7,66"
JAM,"7,28"
JPN,"7,87"
JOR,"7,04"
KAZ,
KEN,"6,70"
KOR,"7,30"
KWT,"7,10"
KGZ,
LAO,
LVA,"7,71"
LBN,
LSO,
LBR,
LBY,
LTU,"7,30"
LUX,"8,18"
MDG,"6,19"
MWI,"5,40"
MYS,"6,09"
MLI,"5,66"
MLT,"6,86"
MRT,
MUS,"7,21"
MEX,"6,62"
MDA,
MNG,
MNE,
MAR,"5,91"
MOZ,
MMR,"3,74"
NAM,"6,27"
NPL,"6,31"
NLD,"7,85"
NZL,"8,27"
NIC,"6,97"
NER,"5,06"
NGA,"5,00"
MKD,
NOR,"7,71"
OMN,"7,09"
PAK,"5,50"
PAN,"7,71"
PNG,"5,88"
PRY,"7,09"
PER,"7,65"
PHL,"7,03"
POL,"6,41"
PRT,"7,52"
QAT,
ROU,"5,75"
RUS,"5,29"
RWA,"6,34"
SAU,
SEN,"5,65"
SRB,
SYC,
SLE,"4,91"
SGP,"8,43"
SVK,"6,88"
SVN,"6,90"
ZAF,"6,85"
ESP,"7,83"
LKA,"6,32"
SDN,
SUR,
SWE,"7,67"
CHE,"8,63"
SYR,"5,17"
TWN,"7,47"
TJK,
TZA,"6,33"
THA,"6,52"
TLS,
TGO,"5,72"
TTO,"7,27"
TUN,"6,42"
TUR,"5,54"
UGA,"7,09"
UKR,"5,18"
ARE,"7,19"
GBR,"8,42"
USA,"8,52"
URY,"7,15"
VEN,"6,19"
VNM,
YEM,
ZMB,"7,15"
ZWE,"3,71"
ALB,"6,66"
DZA,"4,87"
AGO,
ARG,"7,30"
ARM,
AUS,"8,12"
AUT,"8,02"
AZE,
BHS,"6,73"
BHR,"7,22"
BGD,"5,94"
BRB,"6,36"
BLR,
BEL,"7,84"
BLZ,"5,83"
BEN,"5,84"
BTN,
BOL,"7,00"
BIH,
BWA,"7,38"
BRA,"5,92"
BRN,
BGR,"5,73"
BFA,
BDI,"5,38"
CPV,
KHM,
CMR,"5,39"
CAN,"8,27"
CAF,"5,13"
TCD,"5,93"
CHL,"7,44"
CHN,"5,52"
COL,"5,89"
COD,"3,80"
COG,"4,75"
CRI,"7,60"
CIV,"5,86"
HRV,"6,24"
CYP,"6,50"
CZE,"6,98"
DNK,"8,08"
DOM,"6,67"
ECU,"5,70"
EGY,"6,40"
SLV,"7,81"
EST,"7,79"
SWZ,
ETH,
FJI,"6,85"
FIN,"8,03"
FRA,"7,64"
GAB,"5,64"
GMB,
GEO,"6,97"
DEU,"7,96"
GHA,"5,80"
GRC,"7,33"
GTM,"6,90"
GIN,
GNB,"4,57"
GUY,"6,55"
HTI,"6,93"
HND,"6,83"
HKG,"8,76"
HUN,"7,01"
ISL,"7,94"
IND,"6,27"
IDN,"6,02"
IRN,"5,70"
IRQ,
IRL,"8,12"
ISR,"6,72"
ITA,"7,75"
JAM,"7,43"
JPN,"8,05"
JOR,"7,14"
KAZ,
KEN,"6,66"
KOR,"7,08"
KWT,"6,74"
KGZ,
LAO,
LVA,"7,59"
LBN,
LSO,
LBR,
LBY,
LTU,"7,14"
LUX,"8,15"
MDG,"5,82"
MWI,"5,12"
MYS,"6,49"
MLI,"5,95"
MLT,"6,85"
MRT,
MUS,"7,31"
MEX,"6,63"
MDA,
MNG,
MNE,
MAR,"5,93"
MOZ,
MMR,"3,68"
NAM,"6,42"
NPL,"6,02"
NLD,"8,03"
NZL,"8,40"
NIC,"7,14"
NER,"5,35"
NGA,"4,95"
MKD,
NOR,"7,77"
OMN,"7,04"
PAK,"5,30"
PAN,"7,65"
PNG,"5,86"
PRY,"7,01"
PER,"7,45"
PHL,"7,08"
POL,"6,40"
PRT,"7,65"
QAT,
ROU,"5,48"
RUS,"5,23"
RWA,"6,22"
SAU,
SEN,"5,73"
SRB,
SYC,
SLE,"4,98"
SGP,"8,46"
SVK,"6,90"
SVN,"6,67"
ZAF,"6,87"
ESP,"7,89"
LKA,"6,47"
SDN,
SUR,
SWE,"7,86"
CHE,"8,75"
SYR,"4,87"
TWN,"7,53"
TJK,
TZA,"6,31"
THA,"6,50"
TLS,
TGO,"5,66"
TTO,"7,30"
TUN,"6,39"
TUR,"5,58"
UGA,"7,09"
UKR,"4,88"
ARE,"7,22"
GBR,"8,52"
USA,"8,67"
URY,"7,18"
VEN,"5,93"
VNM,"5,56"
YEM,
ZMB,"7,13"
ZWE,"4,24"
ALB,"5,27"
DZA,"3,82"
AGO,
ARG,"7,05"
ARM,
AUS,"8,09"
AUT,"7,51"
AZE,
BHS,"6,85"
BHR,"6,97"
BGD,"4,93"
BRB,"6,52"
BLR,
BEL,"7,67"
BLZ,"6,43"
BEN,"4,73"
BTN,
BOL,"6,54"
BIH,
BWA,"6,29"
BRA,"4,61"
BRN,
BGR,"4,70"
BFA,
BDI,"4,47"
CPV,
KHM,
CMR,"5,28"
CAN,"7,99"
CAF,"4,54"
TCD,"5,45"
CHL,"7,47"
CHN,"4,92"
COL,"5,91"
COD,"3,38"
COG,"5,33"
CRI,"7,37"
CIV,"4,87"
HRV,"4,35"
CYP,"6,39"
CZE,"6,41"
DNK,"7,81"
DOM,"5,88"
ECU,"6,29"
EGY,"5,66"
SLV,"7,23"
EST,"6,31"
SWZ,
ETH,
FJI,"6,18"
FIN,"7,81"
FRA,"7,35"
GAB,"5,24"
GMB,
GEO,
DEU,"7,87"
GHA,"5,21"
GRC,"6,53"
GTM,"6,99"
GIN,
GNB,"3,62"
GUY,"5,06"
HTI,"5,98"
HND,"6,26"
HKG,"9,06"
HUN,"6,59"
ISL,"7,73"
IND,"5,74"
IDN,"6,24"
IRN,"3,91"
IRQ,
IRL,"8,06"
ISR,"6,06"
ITA,"7,26"
JAM,"6,56"
JPN,"7,67"
JOR,"5,98"
KAZ,
KEN,"5,84"
KOR,"7,15"
KWT,"6,20"
KGZ,
LAO,
LVA,"5,86"
LBN,
LSO,
LBR,
LBY,
LTU,"5,68"
LUX,"7,91"
MDG,"4,36"
MWI,"4,45"
MYS,"7,17"
MLI,"5,57"
MLT,"6,92"
MRT,
MUS,"7,12"
MEX,"6,55"
MDA,
MNG,
MNE,
MAR,"5,69"
MOZ,
MMR,"2,80"
NAM,"5,54"
NPL,"5,38"
NLD,"7,84"
NZL,"8,64"
NIC,"6,08"
NER,"4,50"
NGA,"3,45"
MKD,
NOR,"7,82"
OMN,"6,57"
PAK,"5,23"
PAN,"7,68"
PNG,"5,88"
PRY,"6,98"
PER,"6,36"
PHL,"7,24"
POL,"5,48"
PRT,"7,41"
QAT,
ROU,"4,11"
RUS,"4,55"
RWA,"4,14"
SAU,
SEN,"4,86"
SRB,
SYC,
SLE,"4,39"
SGP,"8,68"
SVK,"6,01"
SVN,"5,54"
ZAF,"6,05"
ESP,"7,57"
LKA,"6,43"
SDN,
SUR,
SWE,"7,42"
CHE,"8,27"
SYR,"3,70"
TWN,"7,52"
TJK,
TZA,"5,50"
THA,"7,15"
TLS,
TGO,"4,85"
TTO,"6,92"
TUN,"5,60"
TUR,"5,86"
UGA,"5,27"
UKR,"3,58"
ARE,"6,71"
GBR,"8,29"
USA,"8,58"
URY,"6,40"
VEN,"4,72"
VNM,
YEM,
ZMB,"4,88"
ZWE,"5,59"
ALB,"4,74"
DZA,"3,42"
AGO,
ARG,"4,50"
ARM,
AUS,"8,12"
AUT,"7,35"
AZE,
BHS,"6,73"
BHR,"6,51"
BGD,"4,38"
BRB,"6,06"
BLR,
BEL,"7,59"
BLZ,"5,94"
BEN,"5,17"
BTN,
BOL,"5,82"
BIH,
BWA,"6,05"
BRA,"4,32"
BRN,
BGR,"4,57"
BFA,
BDI,"5,20"
CPV,
KHM,
CMR,"5,27"
CAN,"8,24"
CAF,"4,71"
TCD,"5,51"
CHL,"6,79"
CHN,"3,69"
COL,"5,31"
COD,"3,07"
COG,"4,92"
CRI,"7,12"
CIV,"4,98"
HRV,
CYP,"5,69"
CZE,
DNK,"7,50"
DOM,"4,15"
ECU,"5,34"
EGY,"4,64"
SLV,"5,19"
EST,"4,47"
SWZ,
ETH,
FJI,"5,65"
FIN,"7,40"
FRA,"7,18"
GAB,"5,53"
GMB,
GEO,
DEU,"7,84"
GHA,"4,53"
GRC,"6,04"
GTM,"6,12"
GIN,
GNB,"3,24"
GUY,"4,47"
HTI,"5,54"
HND,"5,74"
HKG,"9,00"
HUN,"5,12"
ISL,"6,86"
IND,"5,04"
IDN,"6,06"
IRN,"4,73"
IRQ,
IRL,"7,01"
ISR,"4,93"
ITA,"6,92"
JAM,"5,80"
JPN,"8,15"
JOR,"5,34"
KAZ,
KEN,"5,24"
KOR,"6,66"
KWT,"5,80"
KGZ,
LAO,
LVA,
LBN,
LSO,
LBR,
LBY,
LTU,"5,43"
LUX,"8,03"
MDG,"4,49"
MWI,"5,20"
MYS,"7,27"
MLI,"5,88"
MLT,"5,63"
MRT,
MUS,"6,02"
MEX,"5,95"
MDA,
MNG,
MNE,
MAR,"5,16"
MOZ,
MMR,"2,48"
NAM,"5,28"
NPL,"4,77"
NLD,"7,62"
NZL,"7,97"
NIC,"3,22"
NER,"4,84"
NGA,"3,79"
MKD,
NOR,"7,21"
OMN,"6,33"
PAK,"4,93"
PAN,"7,22"
PNG,"6,01"
PRY,"5,74"
PER,"4,15"
PHL,"6,23"
POL,"3,92"
PRT,"6,19"
QAT,
ROU,"4,49"
RUS,"3,28"
RWA,"4,51"
SAU,
SEN,"5,18"
SRB,
SYC,
SLE,"3,43"
SGP,"8,42"
SVK,
SVN,
ZAF,"5,52"
ESP,"6,58"
LKA,"5,56"
SDN,
SUR,
SWE,"7,08"
CHE,"8,42"
SYR,"3,23"
TWN,"7,12"
TJK,
TZA,"4,16"
THA,"6,56"
TLS,
TGO,"5,24"
TTO,"5,56"
TUN,"5,45"
TUR,"5,22"
UGA,"3,00"
UKR,
ARE,"7,08"
GBR,"8,40"
USA,"8,56"
URY,"6,40"
VEN,"5,78"
VNM,
YEM,
ZMB,"3,55"
ZWE,"5,00"
ALB,
DZA,"3,21"
AGO,
ARG,"3,68"
ARM,
AUS,"7,71"
AUT,"6,97"
AZE,
BHS,"6,59"
BHR,"6,64"
BGD,"4,05"
BRB,"5,95"
BLR,
BEL,"7,38"
BLZ,"5,67"
BEN,"4,39"
BTN,
BOL,"4,03"
BIH,
BWA,"5,65"
BRA,"3,17"
BRN,
BGR,"4,44"
BFA,
BDI,"5,12"
CPV,
KHM,
CMR,"5,11"
CAN,"8,06"
CAF,"4,65"
TCD,"5,36"
CHL,"5,72"
CHN,"4,38"
COL,"5,23"
COD,"3,41"
COG,"4,20"
CRI,"5,60"
CIV,"5,38"
HRV,
CYP,"5,58"
CZE,
DNK,"6,62"
DOM,"5,11"
ECU,"4,91"
EGY,"4,41"
SLV,"4,44"
EST,
SWZ,
ETH,
FJI,"5,89"
FIN,"7,16"
FRA,"6,26"
GAB,"5,34"
GMB,
GEO,
DEU,"7,68"
GHA,"3,11"
GRC,"5,23"
GTM,"5,17"
GIN,
GNB,"2,75"
GUY,"4,41"
HTI,"5,60"
HND,"5,87"
HKG,"8,66"
HUN,"4,43"
ISL,"5,46"
IND,"4,76"
IDN,"5,99"
IRN,"4,14"
IRQ,
IRL,"6,85"
ISR,"4,35"
ITA,"5,79"
JAM,"5,41"
JPN,"7,80"
JOR,"5,65"
KAZ,
KEN,"5,07"
KOR,"5,68"
KWT,"5,76"
KGZ,
LAO,
LVA,
LBN,
LSO,
LBR,
LBY,
LTU,
LUX,"8,36"
MDG,"4,24"
MWI,"5,02"
MYS,"6,74"
MLI,"5,55"
MLT,"5,28"
MRT,
MUS,"6,32"
MEX,"4,68"
MDA,
MNG,
MNE,
MAR,"4,99"
MOZ,
MMR,"3,24"
NAM,
NPL,"4,73"
NLD,"7,45"
NZL,"6,61"
NIC,"2,43"
NER,"5,31"
NGA,"4,43"
MKD,
NOR,"6,80"
OMN,"6,49"
PAK,"4,80"
PAN,"6,83"
PNG,"6,21"
PRY,"4,95"
PER,"2,81"
PHL,"5,03"
POL,"3,88"
PRT,"5,73"
QAT,
ROU,"4,91"
RUS,"3,60"
RWA,"4,71"
SAU,
SEN,"5,13"
SRB,
SYC,
SLE,"3,47"
SGP,"7,60"
SVK,
SVN,
ZAF,"5,06"
ESP,"6,32"
LKA,"5,45"
SDN,
SUR,
SWE,"6,95"
CHE,"8,32"
SYR,"2,97"
TWN,"6,49"
TJK,
TZA,"3,95"
THA,"5,72"
TLS,
TGO,"5,22"
TTO,"5,30"
TUN,"4,85"
TUR,"4,78"
UGA,"2,76"
UKR,
ARE,"6,39"
GBR,"8,21"
USA,"8,42"
URY,"6,08"
VEN,"6,03"
VNM,
YEM,
ZMB,"4,06"
ZWE,"4,90"
ALB,
DZA,"3,59"
AGO,
ARG,"4,57"
ARM,
AUS,"7,28"
AUT,"6,83"
AZE,
BHS,"6,66"
BHR,"6,72"
BGD,"3,63"
BRB,"5,73"
BLR,
BEL,"7,36"
BLZ,"5,97"
BEN,"4,54"
BTN,
BOL,"4,51"
BIH,
BWA,"5,91"
BRA,"4,11"
BRN,
BGR,
BFA,
BDI,"4,50"
CPV,
KHM,
CMR,"5,14"
CAN,"8,01"
CAF,"4,60"
TCD,"5,31"
CHL,"5,03"
CHN,"3,91"
COL,"4,82"
COD,"2,94"
COG,"4,30"
CRI,"5,95"
CIV,"4,97"
HRV,
CYP,"5,28"
CZE,
DNK,"6,40"
DOM,"5,42"
ECU,"5,98"
EGY,"4,66"
SLV,"4,22"
EST,
SWZ,
ETH,
FJI,"5,52"
FIN,"6,99"
FRA,"6,31"
GAB,"4,60"
GMB,
GEO,
DEU,"7,52"
GHA,"2,95"
GRC,"5,75"
GTM,"6,21"
GIN,
GNB,
GUY,"4,43"
HTI,"5,41"
HND,"5,50"
HKG,"8,51"
HUN,"4,43"
ISL,"5,35"
IND,"4,83"
IDN,"5,04"
IRN,"4,01"
IRQ,
IRL,"6,64"
ISR,"4,09"
ITA,"5,54"
JAM,"4,53"
JPN,"7,38"
JOR,"5,34"
KAZ,
KEN,"4,81"
KOR,"5,27"
KWT,"4,21"
KGZ,
LAO,
LVA,
LBN,
LSO,
LBR,
LBY,
LTU,
LUX,"8,09"
MDG,"3,81"
MWI,"4,63"
MYS,"6,55"
MLI,"5,79"
MLT,"5,12"
MRT,
MUS,"5,13"
MEX,"5,21"
MDA,
MNG,
MNE,
MAR,"4,63"
MOZ,
MMR,"3,21"
NAM,
NPL,"4,85"
NLD,"7,36"
NZL,"6,39"
NIC,"4,04"
NER,"5,12"
NGA,"3,74"
MKD,
NOR,"6,36"
OMN,"4,97"
PAK,"4,35"
PAN,"6,09"
PNG,"5,54"
PRY,"5,92"
PER,"3,49"
PHL,"5,16"
POL,"5,39"
PRT,"5,54"
QAT,
ROU,"4,67"
RUS,"3,35"
RWA,"4,11"
SAU,
SEN,"5,15"
SRB,
SYC,
SLE,"4,50"
SGP,"7,10"
SVK,
SVN,
ZAF,"5,02"
ESP,"5,87"
LKA,"5,19"
SDN,
SUR,
SWE,"6,46"
CHE,"7,75"
SYR,"3,75"
TWN,"6,02"
TJK,
TZA,"4,33"
THA,"5,49"
TLS,
TGO,"4,24"
TTO,"5,33"
TUN,"4,76"
TUR,"3,61"
UGA,"3,69"
UKR,
ARE,"6,20"
GBR,"7,01"
USA,"8,13"
URY,"5,82"
VEN,"6,79"
VNM,
YEM,
ZMB,"4,76"
ZWE,"4,55"
ALB,
DZA,"4,24"
AGO,
ARG,"3,75"
ARM,
AUS,"7,01"
AUT,"6,74"
AZE,
BHS,"6,69"
BHR,"5,99"
BGD,"3,79"
BRB,"5,78"
BLR,
BEL,"6,96"
BLZ,
BEN,"4,63"
BTN,
BOL,"5,30"
BIH,
BWA,"5,34"
BRA,"4,16"
BRN,
BGR,
BFA,
BDI,"4,37"
CPV,
KHM,
CMR,"5,25"
CAN,"7,75"
CAF,
TCD,"5,46"
CHL,"3,82"
CHN,
COL,"4,94"
COD,"3,60"
COG,"4,73"
CRI,"6,78"
CIV,"4,80"
HRV,
CYP,"5,47"
CZE,
DNK,"6,34"
DOM,"4,32"
ECU,"5,58"
EGY,"4,17"
SLV,"5,20"
EST,
SWZ,
ETH,
FJI,"5,32"
FIN,"6,78"
FRA,"6,43"
GAB,"4,40"
GMB,
GEO,
DEU,"7,21"
GHA,"3,37"
GRC,"5,73"
GTM,"6,34"
GIN,
GNB,
GUY,
HTI,"5,83"
HND,"6,66"
HKG,"8,57"
HUN,"4,66"
ISL,"5,07"
IND,"4,70"
IDN,"4,93"
IRN,"5,48"
IRQ,
IRL,"6,35"
ISR,"4,13"
ITA,"5,78"
JAM,"5,33"
JPN,"7,17"
JOR,"4,99"
KAZ,
KEN,"5,18"
KOR,"5,26"
KWT,"4,59"
KGZ,
LAO,
LVA,
LBN,
LSO,
LBR,
LBY,
LTU,
LUX,"8,12"
MDG,"4,55"
MWI,"4,94"
MYS,"6,38"
MLI,"5,17"
MLT,"5,87"
MRT,
MUS,"4,99"
MEX,"6,49"
MDA,
MNG,
MNE,
MAR,"4,88"
MOZ,
MMR,"2,44"
NAM,
NPL,"4,16"
NLD,"7,08"
NZL,"6,11"
NIC,"6,67"
NER,"5,40"
NGA,"3,74"
MKD,
NOR,"6,53"
OMN,"4,91"
PAK,"3,75"
PAN,"6,49"
PNG,"5,17"
PRY,"5,67"
PER,"3,67"
PHL,"4,86"
POL,"5,35"
PRT,"4,45"
QAT,
ROU,
RUS,"3,38"
RWA,"3,34"
SAU,
SEN,"5,14"
SRB,
SYC,
SLE,"4,79"
SGP,"6,85"
SVK,
SVN,
ZAF,"5,14"
ESP,"5,52"
LKA,"5,01"
SDN,
SUR,
SWE,"6,48"
CHE,"7,20"
SYR,"4,24"
TWN,"5,79"
TJK,
TZA,"3,91"
THA,"5,69"
TLS,
TGO,"4,24"
TTO,"5,05"
TUN,"4,91"
TUR,"4,40"
UGA,"3,41"
UKR,
ARE,"6,42"
GBR,"6,16"
USA,"7,95"
URY,"5,32"
VEN,"6,77"
VNM,
YEM,
ZMB,"4,24"
ZWE,"4,19"
ALB,
DZA,"4,45"
AGO,
ARG,"6,17"
ARM,
AUS,"7,40"
AUT,"6,22"
AZE,
BHS,
BHR,
BGD,
BRB,
BLR,
BEL,"7,42"
BLZ,
BEN,"5,14"
BTN,
BOL,"5,33"
BIH,
BWA,
BRA,"5,08"
BRN,
BGR,
BFA,
BDI,"5,82"
CPV,
KHM,
CMR,
CAN,"7,85"
CAF,
TCD,
CHL,"4,60"
CHN,
COL,"5,49"
COD,"4,04"
COG,"5,21"
CRI,"7,53"
CIV,
HRV,
CYP,"5,64"
CZE,
DNK,"6,45"
DOM,"5,22"
ECU,"5,19"
EGY,
SLV,"5,47"
EST,
SWZ,
ETH,
FJI,"6,00"
FIN,"7,29"
FRA,"6,36"
GAB,"4,73"
GMB,
GEO,
DEU,"7,48"
GHA,"4,40"
GRC,"6,10"
GTM,"6,00"
GIN,
GNB,
GUY,"6,10"
HTI,"6,49"
HND,"6,35"
HKG,"8,10"
HUN,"4,45"
ISL,"5,83"
IND,"5,26"
IDN,"4,47"
IRN,"5,31"
IRQ,
IRL,"6,55"
ISR,"4,80"
ITA,"6,17"
JAM,
JPN,"7,22"
JOR,"4,79"
KAZ,
KEN,"4,99"
KOR,"5,58"
KWT,
KGZ,
LAO,
LVA,
LBN,
LSO,
LBR,
LBY,
LTU,
LUX,"7,71"
MDG,"5,62"
MWI,"5,31"
MYS,"6,26"
MLI,
MLT,"6,42"
MRT,
MUS,"6,60"
MEX,"6,54"
MDA,
MNG,
MNE,
MAR,"5,17"
MOZ,
MMR,"3,33"
NAM,
NPL,
NLD,"7,13"
NZL,"6,28"
NIC,"6,58"
NER,
NGA,"4,12"
MKD,
NOR,"6,65"
OMN,
PAK,"4,76"
PAN,"7,16"
PNG,
PRY,"6,18"
PER,"4,89"
PHL,"5,15"
POL,
PRT,"5,43"
QAT,
ROU,
RUS,
RWA,"4,77"
SAU,
SEN,"5,00"
SRB,
SYC,
SLE,
SGP,"6,58"
SVK,
SVN,
ZAF,"5,56"
ESP,"5,72"
LKA,"4,79"
SDN,
SUR,
SWE,"6,06"
CHE,"7,37"
SYR,"4,30"
TWN,"6,08"
TJK,
TZA,"4,36"
THA,"5,84"
TLS,
TGO,
TTO,
TUN,"4,78"
TUR,"3,96"
UGA,"4,05"
UKR,
ARE,
GBR,"5,99"
USA,"7,55"
URY,"5,84"
VEN,"7,33"
VNM,
YEM,
ZMB,"5,27"
ZWE,
